id,timestamp,source,target,value
3 transactions,1510181678,3MbYQMMmSkC3AgWkj9FMo5LsPTW1zBTwXL,3BbDtxBSjgfTRxaBUgR2JACWRukLKtZdiQ,65048400
4 transactions,1510184488,3BbDtxBSjgfTRxaBUgR2JACWRukLKtZdiQ,1KYiKJEfdJtap9QX2v9BXJMpz2SfU4pgZw,67000000
07ccd285bae7f9272d0a7a4e4e193ba5a499ab68e1ba9350dbd0263c0ef3e402,1510211518,1KYiKJEfdJtap9QX2v9BXJMpz2SfU4pgZw,1HUbZ9LGMyQ2TN6RksodiE58jXaa4cU7FJ,26171
3709a394544200f35365e9d5d55b4df30ae742fea5ca717762fcb0b25d0c30b6,1510211518,1KYiKJEfdJtap9QX2v9BXJMpz2SfU4pgZw,1AA6iP6hrZfYiacfzb3VS5JoyKeZZBEYRW,406833
3 transactions,1510211518,1KYiKJEfdJtap9QX2v9BXJMpz2SfU4pgZw,1J1dCYzS5EerUuJCJ6iJYVPytCMVLXrgM9,907772
f0652649efd6aa437a01099ed8b2a2b3135a55066648e425336e1616f724ced8,1510206801,1KYiKJEfdJtap9QX2v9BXJMpz2SfU4pgZw,1Fdz3iQDDA6mJVoAV4ZcqgVFe1MX97EZoD,85246
2 transactions,1510206250,1KYiKJEfdJtap9QX2v9BXJMpz2SfU4pgZw,1AA6iP6hrZfYiacfzb3VS5JoyKeZZBEYRW,616140
889e7d437cdb654a1b054dd412686ec6f105f486c8aa7a2bad0ccdaca2dbad8c,1510205191,1KYiKJEfdJtap9QX2v9BXJMpz2SfU4pgZw,1J1dCYzS5EerUuJCJ6iJYVPytCMVLXrgM9,262205
92e986ea3ec0100edfd433c4b96862b285879b4985a1a8fdf84cb20f49b5d250,1510205191,1KYiKJEfdJtap9QX2v9BXJMpz2SfU4pgZw,1Fdz3iQDDA6mJVoAV4ZcqgVFe1MX97EZoD,290657
091fe35e8790409ab3ab10feffd3bd83e4c92595f5f8432a1191b119716f45cf,1510204966,1KYiKJEfdJtap9QX2v9BXJMpz2SfU4pgZw,1AA6iP6hrZfYiacfzb3VS5JoyKeZZBEYRW,231561
b74112175f1b0be15e58c191cca7d51be218a728665ca8cb1c4090c23dbf4898,1510204966,1KYiKJEfdJtap9QX2v9BXJMpz2SfU4pgZw,1KEmNd7q3kTfhESL5B1wzYd9892Uiyyasy,11783
9fa062d292df23645cde535d2865d3990eecea03aa9d714d3738e1d15360467b,1510204163,1KYiKJEfdJtap9QX2v9BXJMpz2SfU4pgZw,1QLZLgzBaD7Lhp8PESARYpFANoNiGNk2um,342791
b3feeea49504ca48b381ec7d7f60bebfe6348258a60365e80cba27e7d6eaf2f3,1510203940,1KYiKJEfdJtap9QX2v9BXJMpz2SfU4pgZw,1J1dCYzS5EerUuJCJ6iJYVPytCMVLXrgM9,190628
7c5179d00370d9ca2f583998ba9a47ed758717a609a5fa0acbd6454133a3fdc4,1510203940,1KYiKJEfdJtap9QX2v9BXJMpz2SfU4pgZw,1AA6iP6hrZfYiacfzb3VS5JoyKeZZBEYRW,251208
4f19c36df6f98590f2f41ce25867a78d4657cf2b03c4c353b8ea8c9328209637,1510202848,1KYiKJEfdJtap9QX2v9BXJMpz2SfU4pgZw,1Fdz3iQDDA6mJVoAV4ZcqgVFe1MX97EZoD,172883
cc7bcc9200ee93a717b4e4e55b21532616c36969211c4e050d6b74614939304e,1510201638,1KYiKJEfdJtap9QX2v9BXJMpz2SfU4pgZw,3GSNQfybfLXMCc6QCKpqGxg8da5uCK5n9y,29554
519aab4520a781359c122ed7cda037475fb7bed5ec8db73e3fb3a47c2b20e175,1510201638,1KYiKJEfdJtap9QX2v9BXJMpz2SfU4pgZw,1AA6iP6hrZfYiacfzb3VS5JoyKeZZBEYRW,186978
10d30cd662fa11a1df955dacbf17337f8ad7564559fa84fdebd7797030235be1,1510200808,1KYiKJEfdJtap9QX2v9BXJMpz2SfU4pgZw,1Fdz3iQDDA6mJVoAV4ZcqgVFe1MX97EZoD,508374
767b9a4ab1fc55c5f6281b956fc14c31702dd2fff3a63685f7166885eed4f76e,1510198802,1KYiKJEfdJtap9QX2v9BXJMpz2SfU4pgZw,16K3dHGYe8jBogt52sTdZ8ECm2Mf9ELGZ8,26965
fd49e2878e928f4e69adaf5f47e77d0e28cf1b9da2ee1ecaff96eb6481e9d4ad,1510198104,1KYiKJEfdJtap9QX2v9BXJMpz2SfU4pgZw,1AA6iP6hrZfYiacfzb3VS5JoyKeZZBEYRW,300046
b94677106176c67152ca7b9ae5b494d3602004af646068e0d5673c4acc1a39a9,1510198104,1KYiKJEfdJtap9QX2v9BXJMpz2SfU4pgZw,1L2AdNuaKLYxqBpKmvzdSwQKRuoQxVdB4i,377823
859347a425738cd980935a46a2c95f19b3bfd883f2666d0bb1bdd741530ed07a,1510196615,1KYiKJEfdJtap9QX2v9BXJMpz2SfU4pgZw,1J1dCYzS5EerUuJCJ6iJYVPytCMVLXrgM9,273068
55a9d4166c2dac7a36bcf6fcd8ae415a996abc3cf1a78dd85a589811066290e9,1510195219,1KYiKJEfdJtap9QX2v9BXJMpz2SfU4pgZw,3QNzAErZcLKCxMQn2asiE56PrWsUCw97Ky,43164
681ff25251da565819db2c01573d5dec44f263ebcae19b3bf5ecd494ae8649c7,1510195219,1KYiKJEfdJtap9QX2v9BXJMpz2SfU4pgZw,1Fdz3iQDDA6mJVoAV4ZcqgVFe1MX97EZoD,178539
f7f8de77aea7aecab8bd47de0146d62d8828ced20b1f26452a2fd14ace896496,1510195219,1KYiKJEfdJtap9QX2v9BXJMpz2SfU4pgZw,1AA6iP6hrZfYiacfzb3VS5JoyKeZZBEYRW,408942
ec4a6db69101aa0dc341a2ba706ffba78501c82fd5713fe3a031b6a905f3248d,1510195219,1KYiKJEfdJtap9QX2v9BXJMpz2SfU4pgZw,1J1dCYzS5EerUuJCJ6iJYVPytCMVLXrgM9,278871
b3cd838180c27f1fb5c8a1777f6e1cdcf92ce7eb4f63f323de1a0619425a0958,1510192928,1KYiKJEfdJtap9QX2v9BXJMpz2SfU4pgZw,1AA6iP6hrZfYiacfzb3VS5JoyKeZZBEYRW,218542
05259465c65cb7c8c32b08b6461be44adbbf1f85ebee9dfd8d2d68b2ed157164,1510190501,1KYiKJEfdJtap9QX2v9BXJMpz2SfU4pgZw,1QLZLgzBaD7Lhp8PESARYpFANoNiGNk2um,462871
23ea2ad28661a2e339c88901daaeaa5b5a8b0733ee467c86fade523bdacf5530,1510190501,1KYiKJEfdJtap9QX2v9BXJMpz2SfU4pgZw,197p8YbcKyPV5e6zunjdVZ2D6pkdb3V79A,39998
26c34f0d73227462b9b7bebfeaa570ea6dd51ce24c0cb1e4eed0f501c76e151c,1510202933,1L2AdNuaKLYxqBpKmvzdSwQKRuoQxVdB4i,115E3baxJZsJHeTay1jvUh3nSTHBJhkskc,377823
e231411ffc5dde8abc4d1e039dc534d213e7ce6c0adf69a53180a1bbe2f7d3f4,1510202602,1L2AdNuaKLYxqBpKmvzdSwQKRuoQxVdB4i,15Fkf4K6z6XQXr1xoNBDDTaR9GBMX6JdyF,500045
39bbec956eafe9d40bf99ccb1f81b8c65ff8f6af947d19a190fa660bfea4af13,1510160317,1L2AdNuaKLYxqBpKmvzdSwQKRuoQxVdB4i,115E3baxJZsJHeTay1jvUh3nSTHBJhkskc,300043
3 transactions,1509889267,1L2AdNuaKLYxqBpKmvzdSwQKRuoQxVdB4i,15Fkf4K6z6XQXr1xoNBDDTaR9GBMX6JdyF,5164041
25a8a66951b304a603254190234b4812a4f118c2cd9964d503198ce98495e128,1510212293,115E3baxJZsJHeTay1jvUh3nSTHBJhkskc,16awjeaxFoFPRPguEQKgCYbprXnCdhn4WQ,21998
f7325ff4af5fd995d0b07ac8f9f9b717dd9b7adbf039d088b60cc6ab33bf4cbc,1510212293,115E3baxJZsJHeTay1jvUh3nSTHBJhkskc,1Gc3biG5hsHAoj4ZNAtnT4sCBbtF9sKEEL,19944
713f6e33368126a5201c87ebe021146c2066a2ed33534f8d02e2b167c55b06b6,1510212293,115E3baxJZsJHeTay1jvUh3nSTHBJhkskc,1Fdz3iQDDA6mJVoAV4ZcqgVFe1MX97EZoD,349998
546540bd2bde41c1d2a00850eafa1deb5afbe9c4d27492f119c8b023b795cbe8,1510212293,115E3baxJZsJHeTay1jvUh3nSTHBJhkskc,12cGHdvubquWcpAxZMzcpnh7AHv3SEgC1i,18913
c415a35b7a9b15ebbd2f50facdefbb51fa8004de1194098d5420f19858795064,1510212293,115E3baxJZsJHeTay1jvUh3nSTHBJhkskc,1BqG6mp9G9vo34ASrfC1KY5yUzrGGn8GH1,290904
70818efe2e38c890fb08b8bf59f602f426aca2c4ac3a587087047f63e7a394d2,1510212293,115E3baxJZsJHeTay1jvUh3nSTHBJhkskc,16JTN8yiHDdYD5yiSLM9JgzezPohcTtRWW,34301
c863b60411cfc68c48f4c5a9d47d94b87a13de1a2569779f1cd4c1485b544818,1510212293,115E3baxJZsJHeTay1jvUh3nSTHBJhkskc,16s8ZyP4DJvQCLVhd7mjAifLPp2VtKMjWz,10098
db97c047764c272d5614dd5fbf8f357ec89d3beb190debb167440e26961fd2c3,1510212293,115E3baxJZsJHeTay1jvUh3nSTHBJhkskc,1KyeiV26QzfVXp39NsSYXmcWEgPWefcoiu,18998
ed56252ac5981da953b62f93c58c81aed814e3444aa511c31d2c62c07bd4341c,1510212293,115E3baxJZsJHeTay1jvUh3nSTHBJhkskc,1D4tdGZLkmWbdC1ywu2U8jERdczQhLZ5Rg,14756
b61c4e1b4f0808d57f3877f1920395e0672a06a1d40e3597ea1279c05c36f76f,1510212293,115E3baxJZsJHeTay1jvUh3nSTHBJhkskc,1FcxhPsRRfx3mUszjnRt6XNEpWBfyT1RNG,136964
fe38ee02578743ae7654e080f9a09d937f7c6d536f5d865cd78a0a88729922df,1510203940,115E3baxJZsJHeTay1jvUh3nSTHBJhkskc,1JfPFirk4S45oSrjUPaMsq4d4ahhVTikFZ,10246
30de1535f8279f99b289796dee424642b7412128f87f2ea2d62b8a479b09da08,1510203940,115E3baxJZsJHeTay1jvUh3nSTHBJhkskc,1H8RWedqAuHA1mKsjZCgFt6t5z47anTCMq,15920
3c5c97988563690629a65d021b4cc7ec446d6a8c34389a5555b519f5e240bf8d,1510203940,115E3baxJZsJHeTay1jvUh3nSTHBJhkskc,17R4mcUHW6Y4xPrXVhNXYwdqY5kWw1JjNB,14200
4da66ab7f35f185cd2836e12c8160beb8a1f33c3d06409866f1653079c33661b,1510203940,115E3baxJZsJHeTay1jvUh3nSTHBJhkskc,1MqKtHWWZCtyQN9tSk2kGnWfAejpb9QJjr,54893
4 transactions,1510205191,1KEmNd7q3kTfhESL5B1wzYd9892Uiyyasy,1Po1oWkD2LmodfkBYiAktwh76vkF93LKnh,46842
a140624af339cadd228ea8bbec004ee9d64be1ecf8347160753b9a94b0b6dc5d,1510211760,1Po1oWkD2LmodfkBYiAktwh76vkF93LKnh,12KU3JNp3e3ytYtPCXaZ1kjZA3mcLL6FGb,10534
09991208961d8fd68c9bc8412be455a3b090c751f83407112a3fd35a18230f33,1509932687,16s8ZyP4DJvQCLVhd7mjAifLPp2VtKMjWz,1KYiKJEfdJtap9QX2v9BXJMpz2SfU4pgZw,14281
8e6808bcfbe39afbed89066ea1d1adb73eb5cf84e7c28643c7cb5f51f865e78b,1509841577,1H8RWedqAuHA1mKsjZCgFt6t5z47anTCMq,16Xp1ddLctkYEhBdgnUCv8kFnuxEiySES5,144680
2 transactions,1510204966,1MqKtHWWZCtyQN9tSk2kGnWfAejpb9QJjr,1DUb2YYbQA1jjaNYzVXLZ7ZioEhLXtbUru,148871
3 transactions,1510203940,3GSNQfybfLXMCc6QCKpqGxg8da5uCK5n9y,3GyeFJmQynJWd8DeACm4cdEnZcckAtrfcN,119610
24 transactions,1510208215,1Fdz3iQDDA6mJVoAV4ZcqgVFe1MX97EZoD,1DUb2YYbQA1jjaNYzVXLZ7ZioEhLXtbUru,6171112
31ddcd60a33442ccb73e07781fc3b233acb2ead9711d640027bc5593786fdf7c,1510211760,3GyeFJmQynJWd8DeACm4cdEnZcckAtrfcN,14vvDYXA3GAhvg1Nsfe9QZE3unrG6wCyTr,10331
675496a45d2cc7832bc05d2df98d0646b22b41f54bd14a796340f16ad6e3d223,1510204163,3GyeFJmQynJWd8DeACm4cdEnZcckAtrfcN,15uxNsSpEqf1rVMQibE4UbQJ5xyCpLLbiN,34903
db338dca2d2b3d5caa52233a896ff79ad355aa076d2f5e7edbff4f76d9a39741,1510202848,3GyeFJmQynJWd8DeACm4cdEnZcckAtrfcN,17Sf2UnbEQGkh4iAFpz3jQJuMaNfD5fWzS,44000
8b7d2a1451be00b01c4c31f039941e6fcb0d4d5c0dcc373f0feca361ce4e017d,1510200808,3GyeFJmQynJWd8DeACm4cdEnZcckAtrfcN,1KkaUsNCK3LuAYzH2CuJJY5CEdPeeCfJsq,10272
0e9121080a1384d9d3daefec9365b9363e05a3bccca5969a33e8beb4f2adfc82,1510186904,3GyeFJmQynJWd8DeACm4cdEnZcckAtrfcN,1FoXmrQMrYYCZsFNTkXACN6M1vmdNccVtX,36075
44344e55a18739cbaafb8a9ae17a70026913c6161ade54a1959268d5804a09af,1510045011,17Sf2UnbEQGkh4iAFpz3jQJuMaNfD5fWzS,115E3baxJZsJHeTay1jvUh3nSTHBJhkskc,79995
2 transactions,1509954953,17Sf2UnbEQGkh4iAFpz3jQJuMaNfD5fWzS,15Fkf4K6z6XQXr1xoNBDDTaR9GBMX6JdyF,188390
10 transactions,1510211518,15Fkf4K6z6XQXr1xoNBDDTaR9GBMX6JdyF,115E3baxJZsJHeTay1jvUh3nSTHBJhkskc,4250000
4 transactions,1510199608,16K3dHGYe8jBogt52sTdZ8ECm2Mf9ELGZ8,1Po1oWkD2LmodfkBYiAktwh76vkF93LKnh,168021
23 transactions,1510212293,1AA6iP6hrZfYiacfzb3VS5JoyKeZZBEYRW,1DUb2YYbQA1jjaNYzVXLZ7ZioEhLXtbUru,7729466
3 transactions,1510058891,1QLZLgzBaD7Lhp8PESARYpFANoNiGNk2um,1LAnF8h3qMGx3TSwNUHVneBZUEpwE4gu3D,1526998
3b60adf0d9fa06c41243f2f3a783998d1dfcf61b67a2a51c43d7408944238e94,1510199780,1Gc3biG5hsHAoj4ZNAtnT4sCBbtF9sKEEL,3MH9N9Zvq67mCZCLFxwQ9yLSXau5psLuhx,12220
169d2508c8fdb87abfe5d82bdbec13d96e481791443332bf1e5fd1d8454ebdf2,1510192928,1Gc3biG5hsHAoj4ZNAtnT4sCBbtF9sKEEL,1NrDMeE7Tot8JrW9mvJtRa5fLMmtyfYuUM,19430
621fdbe6951322eee33d871ee65a2c978d00c26f48f40c29c382e742d786f064,1510187243,1FoXmrQMrYYCZsFNTkXACN6M1vmdNccVtX,1DUb2YYbQA1jjaNYzVXLZ7ZioEhLXtbUru,36075
9ff9fba1ae598008a47bf45509c2fcd4fb514dd31e74453cdaf2bffff1898efe,1510202602,1NrDMeE7Tot8JrW9mvJtRa5fLMmtyfYuUM,16bUGjvunVp7LqygLHrTvHyvbvfeuRCWAh,19430
23 transactions,1510211760,1J1dCYzS5EerUuJCJ6iJYVPytCMVLXrgM9,1Po1oWkD2LmodfkBYiAktwh76vkF93LKnh,9836296
7 transactions,1510212293,12KU3JNp3e3ytYtPCXaZ1kjZA3mcLL6FGb,1DUb2YYbQA1jjaNYzVXLZ7ZioEhLXtbUru,95493
9164a09fa7d8e5c3059b6deb738c64090341e330e78f389dbbb568002f3b9446,1510204163,1LAnF8h3qMGx3TSwNUHVneBZUEpwE4gu3D,1FkTqTQ2bQzVNvubfveMN5eTrEKiv2kUtP,43651
c831327a605324881582a6cb44b8b51fd768ad5f3189f9ab561255bcbfd4fdc3,1510202933,1LAnF8h3qMGx3TSwNUHVneBZUEpwE4gu3D,16nSNTiSUDrTYWWHx72HwMJmKcy3px8KGx,13000
7c0803392f69b88b089e377b0fadc49d5cffc2a183f31a02e74cea5a6a399c1c,1510101127,16Xp1ddLctkYEhBdgnUCv8kFnuxEiySES5,1DLujaZp6RqJnZ8xbrGeCrHg7jtPv5eDi8,10753
0898493ef663268dd3a0ac08236def674c25818c8a914b4cf89b15737b30faed,1510087441,16Xp1ddLctkYEhBdgnUCv8kFnuxEiySES5,1Q1Bs2j6zp72ttbUasuo1QsCgduXt9YYtY,14207
b9d6c77e2f4a09940a23af0207df75a86abe3a36a224083f11418038af6bede8,1510201638,1KkaUsNCK3LuAYzH2CuJJY5CEdPeeCfJsq,1DUb2YYbQA1jjaNYzVXLZ7ZioEhLXtbUru,18810
9 transactions,1510198802,1Q1Bs2j6zp72ttbUasuo1QsCgduXt9YYtY,1DUb2YYbQA1jjaNYzVXLZ7ZioEhLXtbUru,243226
35e260656feb5c3debfe2f3272aab12ee38b36628813acf5331b787d55494677,1510206333,1FkTqTQ2bQzVNvubfveMN5eTrEKiv2kUtP,1ApkXfxWgJ5CBHzrogVSKz23umMZ32wvNA,43651
10 transactions,1510203940,16nSNTiSUDrTYWWHx72HwMJmKcy3px8KGx,1DUb2YYbQA1jjaNYzVXLZ7ZioEhLXtbUru,171805
2 transactions,1510205191,1ApkXfxWgJ5CBHzrogVSKz23umMZ32wvNA,12FVqmbW5gHansqro6u5zAiTC7wP3dNWVQ,129683
